<?xml version="1.0" encoding="utf-8"?>
<!--/15713988/1241120/2.50/4/3/Undefined or Miscellaneous/-->
<quadcept_library>
  <setting unit="mil" />
  <textstyle name="Default" height="47.244094488189" strokewidth="7.8740157480315" charwidth="47.244094488189" />
  <textstyle name="Dimension" height="19.6850393700787" strokewidth="0" charwidth="19.6850393700787" />
  <textstyle name="H127W0635TH00762" height="50" strokewidth="3" charwidth="25" />
  <textstyle name="H15W15TH02" height="59.0551181102362" strokewidth="7.8740157480315" charwidth="59.0551181102362" />
  <padstyle name="r70_60" surface="True" plated="False" isvia="False" nopaste="False" nomask="True" complex="False" holesize="0">
    <padshape layer="TOP" shape="rectangle" width="23.622047244094" height="27.55905511811" />
    <padshape layer="TOP_SOLDER_MASK" shape="rectangle" width="31.496062992126" height="35.433070866141" />
    <padshape layer="TOP_SOLDER_PASTE" shape="rectangle" width="23.622047244094" height="27.55905511811" />
  </padstyle>
  <padstyle name="r80_70" surface="True" plated="False" isvia="False" nopaste="False" nomask="True" complex="False" holesize="0">
    <padshape layer="TOP" shape="rectangle" width="27.55905511811" height="31.496062992126" />
    <padshape layer="TOP_SOLDER_MASK" shape="rectangle" width="35.433070866141" height="39.370078740157" />
    <padshape layer="TOP_SOLDER_PASTE" shape="rectangle" width="27.55905511811" height="31.496062992126" />
  </padstyle>
  <footprint name="VEML3235SL" originx="0" originy="0" pickpointx="0" pickpointy="0">
    <pcbpin number="1" name="1" style="r70_60" originx="-53.937007874015" originy="-25.590551181102" rotation="0" />
    <pcbpin number="2" name="2" style="r80_70" originx="-20.07874015748" originy="-25.590551181102" rotation="90" />
    <pcbpin number="3" name="3" style="r80_70" originx="20.07874015748" originy="-25.590551181102" rotation="90" />
    <pcbpin number="4" name="4" style="r70_60" originx="53.937007874015" originy="-25.590551181102" rotation="0" />
    <line layer="TOP_ASSEMBLY" originx="-58.070866141732" originy="-29.527559055118" endx="58.070866141732" endy="-29.527559055118" width="3.9370078740157" />
    <line layer="TOP_ASSEMBLY" originx="58.070866141732" originy="-29.527559055118" endx="58.070866141732" endy="29.527559055118" width="3.9370078740157" />
    <line layer="TOP_ASSEMBLY" originx="58.070866141732" originy="29.527559055118" endx="-58.070866141732" endy="29.527559055118" width="3.9370078740157" />
    <line layer="TOP_ASSEMBLY" originx="-58.070866141732" originy="29.527559055118" endx="-58.070866141732" endy="-29.527559055118" width="3.9370078740157" />
    <line layer="TOP_PLACE_BOUND" originx="-105.11811023622" originy="68.897637795275" endx="105.11811023622" endy="68.897637795275" width="3.9370078740157" />
    <line layer="TOP_PLACE_BOUND" originx="105.11811023622" originy="68.897637795275" endx="105.11811023622" endy="-78.740157480314" width="3.9370078740157" />
    <line layer="TOP_PLACE_BOUND" originx="105.11811023622" originy="-78.740157480314" endx="-105.11811023622" endy="-78.740157480314" width="3.9370078740157" />
    <line layer="TOP_PLACE_BOUND" originx="-105.11811023622" originy="-78.740157480314" endx="-105.11811023622" endy="68.897637795275" width="3.9370078740157" />
    <line layer="TOP_SILKSCREEN" originx="-58.070866141732" originy="0" endx="-58.070866141732" endy="29.527559055118" width="7.8740157480314" />
    <line layer="TOP_SILKSCREEN" originx="-58.070866141732" originy="29.527559055118" endx="58.070866141732" endy="29.527559055118" width="7.8740157480314" />
    <line layer="TOP_SILKSCREEN" originx="58.070866141732" originy="29.527559055118" endx="58.070866141732" endy="0" width="7.8740157480314" />
    <line layer="TOP_SILKSCREEN" originx="-53.937007874015" originy="-62.992125984251" endx="-53.937007874015" endy="-62.992125984251" width="3.9370078740157" />
    <arc layer="TOP_SILKSCREEN" originx="-53.937007874015" originy="-61.023622047243" startangle="-90.0" sweepangle="-180.0" radius="1.9685039370079" width="3.9370078740157" />
    <line layer="TOP_SILKSCREEN" originx="-53.937007874015" originy="-59.055118110235" endx="-53.937007874015" endy="-59.055118110235" width="3.9370078740157" />
    <arc layer="TOP_SILKSCREEN" originx="-53.937007874015" originy="-61.023622047243" startangle="90.0" sweepangle="-180.0" radius="1.9685039370079" width="3.9370078740157" />
    <line layer="TOP_SILKSCREEN" originx="-53.937007874015" originy="-62.992125984251" endx="-53.937007874015" endy="-62.992125984251" width="3.9370078740157" />
    <arc layer="TOP_SILKSCREEN" originx="-53.937007874015" originy="-61.023622047243" startangle="-90.0" sweepangle="180.0" radius="1.9685039370079" width="3.9370078740157" />
  </footprint>
  <symbol name="VEML3235SL" originx="0" originy="0">
    <line originx="200" originy="100" endx="700" endy="100" width="0" />
    <line originx="700" originy="-400" endx="700" endy="100" width="0" />
    <line originx="700" originy="-400" endx="200" endy="-400" width="0" />
    <line originx="200" originy="100" endx="200" endy="-400" width="0" />
    <sympin number="1" originx="200" originy="0" rotation="180" length="100" width="7.8740157480315" flipped="False">
      <text name="pinname" originx="230" originy="0" style="Default" rotation="0" justify="left" flipped="False" hidden="False" data="VDD" />
      <text name="pindes" originx="140" originy="20" style="Default" rotation="0" justify="lowerright" flipped="False" hidden="False" data="1" />
    </sympin>
    <sympin number="2" originx="200" originy="-100" rotation="180" length="100" width="7.8740157480315" flipped="False">
      <text name="pinname" originx="230" originy="-100" style="Default" rotation="0" justify="left" flipped="False" hidden="False" data="GND" />
      <text name="pindes" originx="140" originy="-80" style="Default" rotation="0" justify="lowerright" flipped="False" hidden="False" data="2" />
    </sympin>
    <sympin number="3" originx="200" originy="-200" rotation="180" length="100" width="7.8740157480315" flipped="False">
      <text name="pinname" originx="230" originy="-200" style="Default" rotation="0" justify="left" flipped="False" hidden="False" data="SDA" />
      <text name="pindes" originx="140" originy="-180" style="Default" rotation="0" justify="lowerright" flipped="False" hidden="False" data="3" />
    </sympin>
    <sympin number="4" originx="200" originy="-300" rotation="180" length="100" width="7.8740157480315" flipped="False">
      <text name="pinname" originx="230" originy="-300" style="Default" rotation="0" justify="left" flipped="False" hidden="False" data="SCL" />
      <text name="pindes" originx="140" originy="-280" style="Default" rotation="0" justify="lowerright" flipped="False" hidden="False" data="4" />
    </sympin>
  </symbol>
  <component name="VEML3235SL" designatorprefix="U" height="64.960629921259" footprint="VEML3235SL">
    <comppin designator="1" sympin="1" pinswap="0" gateswap="0" gate="1" group="1" side="" type="Any" name="VDD" />
    <comppin designator="2" sympin="2" pinswap="0" gateswap="0" gate="1" group="1" side="" type="Any" name="GND" />
    <comppin designator="3" sympin="3" pinswap="0" gateswap="0" gate="1" group="1" side="" type="Any" name="SDA" />
    <comppin designator="4" sympin="4" pinswap="0" gateswap="0" gate="1" group="1" side="" type="Any" name="SCL" />
    <attached_symbol gate="1" name="VEML3235SL" />
    <pinmap designator="1" footprintpin="1" />
    <pinmap designator="2" footprintpin="2" />
    <pinmap designator="3" footprintpin="3" />
    <pinmap designator="4" footprintpin="4" />
    <text name="Datasheet" originx="0" originy="0" style="Default" rotation="0" justify="" flipped="False" hidden="True" data="https://www.vishay.com/doc?80011" />
    <text name="Description" originx="0" originy="0" style="Default" rotation="0" justify="" flipped="False" hidden="True" data="Ambient Light Sensors Low Power, High Sensitivity, I2C Ambient Light Sensor Optical Sensor Ambient I2C 4-SMD, No Lead" />
    <text name="Mouser Part Number" originx="0" originy="0" style="Default" rotation="0" justify="" flipped="False" hidden="True" data="78-VEML3235SL" />
    <text name="Mouser Price/Stock" originx="0" originy="0" style="Default" rotation="0" justify="" flipped="False" hidden="True" data="https://www.mouser.co.uk/ProductDetail/Vishay-Semiconductors/VEML3235SL?qs=d0WKAl%252BL4KYRZARkIFjByQ%3D%3D" />
    <text name="Manufacturer_Name" originx="0" originy="0" style="Default" rotation="0" justify="" flipped="False" hidden="True" data="Vishay" />
    <text name="Manufacturer_Part_Number" originx="750" originy="200" style="Default" rotation="0" justify="left" flipped="False" hidden="False" data="VEML3235SL" />
  </component>
</quadcept_library>
